URL,Last crawled
https://ks-atlas.com/contribute-data,1969-12-31
https://ks-atlas.com/kingdom/1,1969-12-31
https://ks-atlas.com/kingdom/10,1969-12-31
https://ks-atlas.com/kingdom/1001,1969-12-31
https://ks-atlas.com/kingdom/1002,1969-12-31
https://ks-atlas.com/kingdom/1003,1969-12-31
https://ks-atlas.com/kingdom/1004,1969-12-31
https://ks-atlas.com/kingdom/1005,1969-12-31
https://ks-atlas.com/kingdom/1006,1969-12-31
https://ks-atlas.com/kingdom/1007,1969-12-31
https://ks-atlas.com/kingdom/1009,1969-12-31
https://ks-atlas.com/kingdom/101,1969-12-31
https://ks-atlas.com/kingdom/1010,1969-12-31
https://ks-atlas.com/kingdom/1011,1969-12-31
https://ks-atlas.com/kingdom/1012,1969-12-31
https://ks-atlas.com/kingdom/1013,1969-12-31
https://ks-atlas.com/kingdom/1014,1969-12-31
https://ks-atlas.com/kingdom/1016,1969-12-31
https://ks-atlas.com/kingdom/1017,1969-12-31
https://ks-atlas.com/kingdom/1018,1969-12-31
https://ks-atlas.com/kingdom/102,1969-12-31
https://ks-atlas.com/kingdom/1021,1969-12-31
https://ks-atlas.com/kingdom/1022,1969-12-31
https://ks-atlas.com/kingdom/1023,1969-12-31
https://ks-atlas.com/kingdom/1024,1969-12-31
https://ks-atlas.com/kingdom/1025,1969-12-31
https://ks-atlas.com/kingdom/1027,1969-12-31
https://ks-atlas.com/kingdom/1028,1969-12-31
https://ks-atlas.com/kingdom/1029,1969-12-31
https://ks-atlas.com/kingdom/1031,1969-12-31
https://ks-atlas.com/kingdom/1032,1969-12-31
https://ks-atlas.com/kingdom/1033,1969-12-31
https://ks-atlas.com/kingdom/1034,1969-12-31
https://ks-atlas.com/kingdom/1035,1969-12-31
https://ks-atlas.com/kingdom/1036,1969-12-31
https://ks-atlas.com/kingdom/1038,1969-12-31
https://ks-atlas.com/kingdom/1041,1969-12-31
https://ks-atlas.com/kingdom/1044,1969-12-31
https://ks-atlas.com/kingdom/1047,1969-12-31
https://ks-atlas.com/kingdom/105,1969-12-31
https://ks-atlas.com/kingdom/1050,1969-12-31
https://ks-atlas.com/kingdom/1051,1969-12-31
https://ks-atlas.com/kingdom/1052,1969-12-31
https://ks-atlas.com/kingdom/1053,1969-12-31
https://ks-atlas.com/kingdom/1054,1969-12-31
https://ks-atlas.com/kingdom/1055,1969-12-31
https://ks-atlas.com/kingdom/1056,1969-12-31
https://ks-atlas.com/kingdom/1058,1969-12-31
https://ks-atlas.com/kingdom/1061,1969-12-31
https://ks-atlas.com/kingdom/1064,1969-12-31
https://ks-atlas.com/kingdom/1065,1969-12-31
https://ks-atlas.com/kingdom/1067,1969-12-31
https://ks-atlas.com/kingdom/1068,1969-12-31
https://ks-atlas.com/kingdom/1069,1969-12-31
https://ks-atlas.com/kingdom/107,1969-12-31
https://ks-atlas.com/kingdom/1072,1969-12-31
https://ks-atlas.com/kingdom/1073,1969-12-31
https://ks-atlas.com/kingdom/1074,1969-12-31
https://ks-atlas.com/kingdom/1076,1969-12-31
https://ks-atlas.com/kingdom/1077,1969-12-31
https://ks-atlas.com/kingdom/108,1969-12-31
https://ks-atlas.com/kingdom/1081,1969-12-31
https://ks-atlas.com/kingdom/1082,1969-12-31
https://ks-atlas.com/kingdom/1084,1969-12-31
https://ks-atlas.com/kingdom/1087,1969-12-31
https://ks-atlas.com/kingdom/1088,1969-12-31
https://ks-atlas.com/kingdom/1089,1969-12-31
https://ks-atlas.com/kingdom/109,1969-12-31
https://ks-atlas.com/kingdom/1090,1969-12-31
https://ks-atlas.com/kingdom/1091,1969-12-31
https://ks-atlas.com/kingdom/1092,1969-12-31
https://ks-atlas.com/kingdom/1095,1969-12-31
https://ks-atlas.com/kingdom/1096,1969-12-31
https://ks-atlas.com/kingdom/1097,1969-12-31
https://ks-atlas.com/kingdom/1099,1969-12-31
https://ks-atlas.com/kingdom/110,1969-12-31
https://ks-atlas.com/kingdom/1100,1969-12-31
https://ks-atlas.com/kingdom/1101,1969-12-31
https://ks-atlas.com/kingdom/1102,1969-12-31
https://ks-atlas.com/kingdom/1103,1969-12-31
https://ks-atlas.com/kingdom/1105,1969-12-31
https://ks-atlas.com/kingdom/1106,1969-12-31
https://ks-atlas.com/kingdom/1108,1969-12-31
https://ks-atlas.com/kingdom/111,1969-12-31
https://ks-atlas.com/kingdom/1112,1969-12-31
https://ks-atlas.com/kingdom/1113,1969-12-31
https://ks-atlas.com/kingdom/1115,1969-12-31
https://ks-atlas.com/kingdom/1117,1969-12-31
https://ks-atlas.com/kingdom/1118,1969-12-31
https://ks-atlas.com/kingdom/112,1969-12-31
https://ks-atlas.com/kingdom/1120,1969-12-31
https://ks-atlas.com/kingdom/1121,1969-12-31
https://ks-atlas.com/kingdom/1122,1969-12-31
https://ks-atlas.com/kingdom/1123,1969-12-31
https://ks-atlas.com/kingdom/1124,1969-12-31
https://ks-atlas.com/kingdom/1125,1969-12-31
https://ks-atlas.com/kingdom/1126,1969-12-31
https://ks-atlas.com/kingdom/1128,1969-12-31
https://ks-atlas.com/kingdom/113,1969-12-31
https://ks-atlas.com/kingdom/1131,1969-12-31
https://ks-atlas.com/kingdom/1132,1969-12-31
https://ks-atlas.com/kingdom/1133,1969-12-31
https://ks-atlas.com/kingdom/1135,1969-12-31
https://ks-atlas.com/kingdom/1136,1969-12-31
https://ks-atlas.com/kingdom/1138,1969-12-31
https://ks-atlas.com/kingdom/1139,1969-12-31
https://ks-atlas.com/kingdom/114,1969-12-31
https://ks-atlas.com/kingdom/1141,1969-12-31
https://ks-atlas.com/kingdom/1142,1969-12-31
https://ks-atlas.com/kingdom/1143,1969-12-31
https://ks-atlas.com/kingdom/1144,1969-12-31
https://ks-atlas.com/kingdom/1145,1969-12-31
https://ks-atlas.com/kingdom/1146,1969-12-31
https://ks-atlas.com/kingdom/1147,1969-12-31
https://ks-atlas.com/kingdom/1148,1969-12-31
https://ks-atlas.com/kingdom/1149,1969-12-31
https://ks-atlas.com/kingdom/115,1969-12-31
https://ks-atlas.com/kingdom/1151,1969-12-31
https://ks-atlas.com/kingdom/1153,1969-12-31
https://ks-atlas.com/kingdom/1154,1969-12-31
https://ks-atlas.com/kingdom/1155,1969-12-31
https://ks-atlas.com/kingdom/1158,1969-12-31
https://ks-atlas.com/kingdom/1159,1969-12-31
https://ks-atlas.com/kingdom/116,1969-12-31
https://ks-atlas.com/kingdom/1160,1969-12-31
https://ks-atlas.com/kingdom/1161,1969-12-31
https://ks-atlas.com/kingdom/1162,1969-12-31
https://ks-atlas.com/kingdom/1163,1969-12-31
https://ks-atlas.com/kingdom/1167,1969-12-31
https://ks-atlas.com/kingdom/1168,1969-12-31
https://ks-atlas.com/kingdom/1169,1969-12-31
https://ks-atlas.com/kingdom/117,1969-12-31
https://ks-atlas.com/kingdom/1170,1969-12-31
https://ks-atlas.com/kingdom/1171,1969-12-31
https://ks-atlas.com/kingdom/1172,1969-12-31
https://ks-atlas.com/kingdom/1173,1969-12-31
https://ks-atlas.com/kingdom/1175,1969-12-31
https://ks-atlas.com/kingdom/1176,1969-12-31
https://ks-atlas.com/kingdom/1178,1969-12-31
https://ks-atlas.com/kingdom/1179,1969-12-31
https://ks-atlas.com/kingdom/118,1969-12-31
https://ks-atlas.com/kingdom/1180,1969-12-31
https://ks-atlas.com/kingdom/1181,1969-12-31
https://ks-atlas.com/kingdom/1183,1969-12-31
https://ks-atlas.com/kingdom/1184,1969-12-31
https://ks-atlas.com/kingdom/1185,1969-12-31
https://ks-atlas.com/kingdom/1186,1969-12-31
https://ks-atlas.com/kingdom/1187,1969-12-31
https://ks-atlas.com/kingdom/1188,1969-12-31
https://ks-atlas.com/kingdom/1189,1969-12-31
https://ks-atlas.com/kingdom/119,1969-12-31
https://ks-atlas.com/kingdom/1190,1969-12-31
https://ks-atlas.com/kingdom/12,1969-12-31
https://ks-atlas.com/kingdom/1200,1969-12-31
https://ks-atlas.com/kingdom/121,1969-12-31
https://ks-atlas.com/kingdom/123,1969-12-31
https://ks-atlas.com/kingdom/1236,1969-12-31
https://ks-atlas.com/kingdom/124,1969-12-31
https://ks-atlas.com/kingdom/1243,1969-12-31
https://ks-atlas.com/kingdom/1246,1969-12-31
https://ks-atlas.com/kingdom/125,1969-12-31
https://ks-atlas.com/kingdom/1267,1969-12-31
https://ks-atlas.com/kingdom/1270,1969-12-31
https://ks-atlas.com/kingdom/1276,1969-12-31
https://ks-atlas.com/kingdom/128,1969-12-31
https://ks-atlas.com/kingdom/129,1969-12-31
https://ks-atlas.com/kingdom/1294,1969-12-31
https://ks-atlas.com/kingdom/13,1969-12-31
https://ks-atlas.com/kingdom/130,1969-12-31
https://ks-atlas.com/kingdom/1304,1969-12-31
https://ks-atlas.com/kingdom/131,1969-12-31
https://ks-atlas.com/kingdom/1312,1969-12-31
https://ks-atlas.com/kingdom/1313,1969-12-31
https://ks-atlas.com/kingdom/132,1969-12-31
https://ks-atlas.com/kingdom/1330,1969-12-31
https://ks-atlas.com/kingdom/1331,1969-12-31
https://ks-atlas.com/kingdom/1349,1969-12-31
https://ks-atlas.com/kingdom/135,1969-12-31
https://ks-atlas.com/kingdom/1353,1969-12-31
https://ks-atlas.com/kingdom/136,1969-12-31
https://ks-atlas.com/kingdom/1360,1969-12-31
https://ks-atlas.com/kingdom/137,1969-12-31
https://ks-atlas.com/kingdom/138,1969-12-31
https://ks-atlas.com/kingdom/139,1969-12-31
https://ks-atlas.com/kingdom/1395,1969-12-31
https://ks-atlas.com/kingdom/14,1969-12-31
https://ks-atlas.com/kingdom/142,1969-12-31
https://ks-atlas.com/kingdom/1425,1969-12-31
https://ks-atlas.com/kingdom/1427,1969-12-31
https://ks-atlas.com/kingdom/143,1969-12-31
https://ks-atlas.com/kingdom/144,1969-12-31
https://ks-atlas.com/kingdom/145,1969-12-31
https://ks-atlas.com/kingdom/1452,1969-12-31
https://ks-atlas.com/kingdom/146,1969-12-31
https://ks-atlas.com/kingdom/1463,1969-12-31
https://ks-atlas.com/kingdom/147,1969-12-31
https://ks-atlas.com/kingdom/148,1969-12-31
https://ks-atlas.com/kingdom/1484,1969-12-31
https://ks-atlas.com/kingdom/149,1969-12-31
https://ks-atlas.com/kingdom/15,1969-12-31
https://ks-atlas.com/kingdom/151,1969-12-31
https://ks-atlas.com/kingdom/152,1969-12-31
https://ks-atlas.com/kingdom/1520,1969-12-31
https://ks-atlas.com/kingdom/153,1969-12-31
https://ks-atlas.com/kingdom/1542,1969-12-31
https://ks-atlas.com/kingdom/155,1969-12-31
https://ks-atlas.com/kingdom/1553,1969-12-31
https://ks-atlas.com/kingdom/156,1969-12-31
https://ks-atlas.com/kingdom/1569,1969-12-31
https://ks-atlas.com/kingdom/158,1969-12-31
https://ks-atlas.com/kingdom/1587,1969-12-31
https://ks-atlas.com/kingdom/159,1969-12-31
https://ks-atlas.com/kingdom/16,1969-12-31
https://ks-atlas.com/kingdom/160,1969-12-31
https://ks-atlas.com/kingdom/1605,1969-12-31
https://ks-atlas.com/kingdom/1611,1969-12-31
https://ks-atlas.com/kingdom/162,1969-12-31
https://ks-atlas.com/kingdom/163,1969-12-31
https://ks-atlas.com/kingdom/164,1969-12-31
https://ks-atlas.com/kingdom/165,1969-12-31
https://ks-atlas.com/kingdom/1664,1969-12-31
https://ks-atlas.com/kingdom/167,1969-12-31
https://ks-atlas.com/kingdom/1671,1969-12-31
https://ks-atlas.com/kingdom/168,1969-12-31
https://ks-atlas.com/kingdom/1680,1969-12-31
https://ks-atlas.com/kingdom/1695,1969-12-31
https://ks-atlas.com/kingdom/17,1969-12-31
https://ks-atlas.com/kingdom/170,1969-12-31
https://ks-atlas.com/kingdom/171,1969-12-31
https://ks-atlas.com/kingdom/175,1969-12-31
https://ks-atlas.com/kingdom/177,1969-12-31
https://ks-atlas.com/kingdom/178,1969-12-31
https://ks-atlas.com/kingdom/179,1969-12-31
https://ks-atlas.com/kingdom/18,1969-12-31
https://ks-atlas.com/kingdom/180,1969-12-31
https://ks-atlas.com/kingdom/182,1969-12-31
https://ks-atlas.com/kingdom/184,1969-12-31
https://ks-atlas.com/kingdom/185,1969-12-31
https://ks-atlas.com/kingdom/187,1969-12-31
https://ks-atlas.com/kingdom/188,1969-12-31
https://ks-atlas.com/kingdom/19,1969-12-31
https://ks-atlas.com/kingdom/190,1969-12-31
https://ks-atlas.com/kingdom/191,1969-12-31
https://ks-atlas.com/kingdom/192,1969-12-31
https://ks-atlas.com/kingdom/194,1969-12-31
https://ks-atlas.com/kingdom/195,1969-12-31
https://ks-atlas.com/kingdom/196,1969-12-31
https://ks-atlas.com/kingdom/198,1969-12-31
https://ks-atlas.com/kingdom/199,1969-12-31
https://ks-atlas.com/kingdom/2,1969-12-31
https://ks-atlas.com/kingdom/20,1969-12-31
https://ks-atlas.com/kingdom/200,1969-12-31
https://ks-atlas.com/kingdom/201,1969-12-31
https://ks-atlas.com/kingdom/202,1969-12-31
https://ks-atlas.com/kingdom/203,1969-12-31
https://ks-atlas.com/kingdom/204,1969-12-31
https://ks-atlas.com/kingdom/205,1969-12-31
https://ks-atlas.com/kingdom/206,1969-12-31
https://ks-atlas.com/kingdom/207,1969-12-31
https://ks-atlas.com/kingdom/208,1969-12-31
https://ks-atlas.com/kingdom/209,1969-12-31
https://ks-atlas.com/kingdom/210,1969-12-31
https://ks-atlas.com/kingdom/211,1969-12-31
https://ks-atlas.com/kingdom/212,1969-12-31
https://ks-atlas.com/kingdom/213,1969-12-31
https://ks-atlas.com/kingdom/214,1969-12-31
https://ks-atlas.com/kingdom/218,1969-12-31
https://ks-atlas.com/kingdom/219,1969-12-31
https://ks-atlas.com/kingdom/22,1969-12-31
https://ks-atlas.com/kingdom/220,1969-12-31
https://ks-atlas.com/kingdom/221,1969-12-31
https://ks-atlas.com/kingdom/222,1969-12-31
https://ks-atlas.com/kingdom/223,1969-12-31
https://ks-atlas.com/kingdom/225,1969-12-31
https://ks-atlas.com/kingdom/226,1969-12-31
https://ks-atlas.com/kingdom/228,1969-12-31
https://ks-atlas.com/kingdom/23,1969-12-31
https://ks-atlas.com/kingdom/230,1969-12-31
https://ks-atlas.com/kingdom/231,1969-12-31
https://ks-atlas.com/kingdom/232,1969-12-31
https://ks-atlas.com/kingdom/233,1969-12-31
https://ks-atlas.com/kingdom/234,1969-12-31
https://ks-atlas.com/kingdom/235,1969-12-31
https://ks-atlas.com/kingdom/236,1969-12-31
https://ks-atlas.com/kingdom/237,1969-12-31
https://ks-atlas.com/kingdom/238,1969-12-31
https://ks-atlas.com/kingdom/239,1969-12-31
https://ks-atlas.com/kingdom/24,1969-12-31
https://ks-atlas.com/kingdom/240,1969-12-31
https://ks-atlas.com/kingdom/241,1969-12-31
https://ks-atlas.com/kingdom/242,1969-12-31
https://ks-atlas.com/kingdom/244,1969-12-31
https://ks-atlas.com/kingdom/246,1969-12-31
https://ks-atlas.com/kingdom/247,1969-12-31
https://ks-atlas.com/kingdom/25,1969-12-31
https://ks-atlas.com/kingdom/250,1969-12-31
https://ks-atlas.com/kingdom/251,1969-12-31
https://ks-atlas.com/kingdom/252,1969-12-31
https://ks-atlas.com/kingdom/253,1969-12-31
https://ks-atlas.com/kingdom/254,1969-12-31
https://ks-atlas.com/kingdom/255,1969-12-31
https://ks-atlas.com/kingdom/256,1969-12-31
https://ks-atlas.com/kingdom/258,1969-12-31
https://ks-atlas.com/kingdom/26,1969-12-31
https://ks-atlas.com/kingdom/260,1969-12-31
https://ks-atlas.com/kingdom/261,1969-12-31
https://ks-atlas.com/kingdom/262,1969-12-31
https://ks-atlas.com/kingdom/263,1969-12-31
https://ks-atlas.com/kingdom/267,1969-12-31
https://ks-atlas.com/kingdom/269,1969-12-31
https://ks-atlas.com/kingdom/27,1969-12-31
https://ks-atlas.com/kingdom/270,1969-12-31
https://ks-atlas.com/kingdom/271,1969-12-31
https://ks-atlas.com/kingdom/272,1969-12-31
https://ks-atlas.com/kingdom/273,1969-12-31
https://ks-atlas.com/kingdom/274,1969-12-31
https://ks-atlas.com/kingdom/275,1969-12-31
https://ks-atlas.com/kingdom/276,1969-12-31
https://ks-atlas.com/kingdom/277,1969-12-31
https://ks-atlas.com/kingdom/278,1969-12-31
https://ks-atlas.com/kingdom/279,1969-12-31
https://ks-atlas.com/kingdom/280,1969-12-31
https://ks-atlas.com/kingdom/281,1969-12-31
https://ks-atlas.com/kingdom/282,1969-12-31
https://ks-atlas.com/kingdom/283,1969-12-31
https://ks-atlas.com/kingdom/284,1969-12-31
https://ks-atlas.com/kingdom/285,1969-12-31
https://ks-atlas.com/kingdom/287,1969-12-31
https://ks-atlas.com/kingdom/289,1969-12-31
https://ks-atlas.com/kingdom/29,1969-12-31
https://ks-atlas.com/kingdom/290,1969-12-31
https://ks-atlas.com/kingdom/291,1969-12-31
https://ks-atlas.com/kingdom/292,1969-12-31
https://ks-atlas.com/kingdom/293,1969-12-31
https://ks-atlas.com/kingdom/294,1969-12-31
https://ks-atlas.com/kingdom/296,1969-12-31
https://ks-atlas.com/kingdom/297,1969-12-31
https://ks-atlas.com/kingdom/298,1969-12-31
https://ks-atlas.com/kingdom/299,1969-12-31
https://ks-atlas.com/kingdom/3,1969-12-31
https://ks-atlas.com/kingdom/300,1969-12-31
https://ks-atlas.com/kingdom/301,1969-12-31
https://ks-atlas.com/kingdom/302,1969-12-31
https://ks-atlas.com/kingdom/303,1969-12-31
https://ks-atlas.com/kingdom/305,1969-12-31
https://ks-atlas.com/kingdom/306,1969-12-31
https://ks-atlas.com/kingdom/307,1969-12-31
https://ks-atlas.com/kingdom/308,1969-12-31
https://ks-atlas.com/kingdom/309,1969-12-31
https://ks-atlas.com/kingdom/31,1969-12-31
https://ks-atlas.com/kingdom/310,1969-12-31
https://ks-atlas.com/kingdom/311,1969-12-31
https://ks-atlas.com/kingdom/312,1969-12-31
https://ks-atlas.com/kingdom/314,1969-12-31
https://ks-atlas.com/kingdom/315,1969-12-31
https://ks-atlas.com/kingdom/316,1969-12-31
https://ks-atlas.com/kingdom/317,1969-12-31
https://ks-atlas.com/kingdom/321,1969-12-31
https://ks-atlas.com/kingdom/322,1969-12-31
https://ks-atlas.com/kingdom/323,1969-12-31
https://ks-atlas.com/kingdom/324,1969-12-31
https://ks-atlas.com/kingdom/327,1969-12-31
https://ks-atlas.com/kingdom/328,1969-12-31
https://ks-atlas.com/kingdom/33,1969-12-31
https://ks-atlas.com/kingdom/330,1969-12-31
https://ks-atlas.com/kingdom/331,1969-12-31
https://ks-atlas.com/kingdom/333,1969-12-31
https://ks-atlas.com/kingdom/334,1969-12-31
https://ks-atlas.com/kingdom/336,1969-12-31
https://ks-atlas.com/kingdom/338,1969-12-31
https://ks-atlas.com/kingdom/339,1969-12-31
https://ks-atlas.com/kingdom/34,1969-12-31
https://ks-atlas.com/kingdom/340,1969-12-31
https://ks-atlas.com/kingdom/341,1969-12-31
https://ks-atlas.com/kingdom/342,1969-12-31
https://ks-atlas.com/kingdom/343,1969-12-31
https://ks-atlas.com/kingdom/345,1969-12-31
https://ks-atlas.com/kingdom/346,1969-12-31
https://ks-atlas.com/kingdom/347,1969-12-31
https://ks-atlas.com/kingdom/348,1969-12-31
https://ks-atlas.com/kingdom/349,1969-12-31
https://ks-atlas.com/kingdom/35,1969-12-31
https://ks-atlas.com/kingdom/350,1969-12-31
https://ks-atlas.com/kingdom/351,1969-12-31
https://ks-atlas.com/kingdom/352,1969-12-31
https://ks-atlas.com/kingdom/353,1969-12-31
https://ks-atlas.com/kingdom/354,1969-12-31
https://ks-atlas.com/kingdom/355,1969-12-31
https://ks-atlas.com/kingdom/357,1969-12-31
https://ks-atlas.com/kingdom/36,1969-12-31
https://ks-atlas.com/kingdom/360,1969-12-31
https://ks-atlas.com/kingdom/361,1969-12-31
https://ks-atlas.com/kingdom/362,1969-12-31
https://ks-atlas.com/kingdom/364,1969-12-31
https://ks-atlas.com/kingdom/365,1969-12-31
https://ks-atlas.com/kingdom/366,1969-12-31
https://ks-atlas.com/kingdom/367,1969-12-31
https://ks-atlas.com/kingdom/369,1969-12-31
https://ks-atlas.com/kingdom/37,1969-12-31
https://ks-atlas.com/kingdom/372,1969-12-31
https://ks-atlas.com/kingdom/373,1969-12-31
https://ks-atlas.com/kingdom/374,1969-12-31
https://ks-atlas.com/kingdom/375,1969-12-31
https://ks-atlas.com/kingdom/376,1969-12-31
https://ks-atlas.com/kingdom/377,1969-12-31
https://ks-atlas.com/kingdom/378,1969-12-31
https://ks-atlas.com/kingdom/379,1969-12-31
https://ks-atlas.com/kingdom/381,1969-12-31
https://ks-atlas.com/kingdom/383,1969-12-31
https://ks-atlas.com/kingdom/385,1969-12-31
https://ks-atlas.com/kingdom/387,1969-12-31
https://ks-atlas.com/kingdom/388,1969-12-31
https://ks-atlas.com/kingdom/389,1969-12-31
https://ks-atlas.com/kingdom/39,1969-12-31
https://ks-atlas.com/kingdom/390,1969-12-31
https://ks-atlas.com/kingdom/391,1969-12-31
https://ks-atlas.com/kingdom/392,1969-12-31
https://ks-atlas.com/kingdom/393,1969-12-31
https://ks-atlas.com/kingdom/394,1969-12-31
https://ks-atlas.com/kingdom/395,1969-12-31
https://ks-atlas.com/kingdom/396,1969-12-31
https://ks-atlas.com/kingdom/399,1969-12-31
https://ks-atlas.com/kingdom/401,1969-12-31
https://ks-atlas.com/kingdom/402,1969-12-31
https://ks-atlas.com/kingdom/403,1969-12-31
https://ks-atlas.com/kingdom/404,1969-12-31
https://ks-atlas.com/kingdom/405,1969-12-31
https://ks-atlas.com/kingdom/407,1969-12-31
https://ks-atlas.com/kingdom/408,1969-12-31
https://ks-atlas.com/kingdom/409,1969-12-31
https://ks-atlas.com/kingdom/41,1969-12-31
https://ks-atlas.com/kingdom/410,1969-12-31
https://ks-atlas.com/kingdom/412,1969-12-31
https://ks-atlas.com/kingdom/413,1969-12-31
https://ks-atlas.com/kingdom/415,1969-12-31
https://ks-atlas.com/kingdom/418,1969-12-31
https://ks-atlas.com/kingdom/419,1969-12-31
https://ks-atlas.com/kingdom/42,1969-12-31
https://ks-atlas.com/kingdom/420,1969-12-31
https://ks-atlas.com/kingdom/421,1969-12-31
https://ks-atlas.com/kingdom/422,1969-12-31
https://ks-atlas.com/kingdom/425,1969-12-31
https://ks-atlas.com/kingdom/426,1969-12-31
https://ks-atlas.com/kingdom/427,1969-12-31
https://ks-atlas.com/kingdom/428,1969-12-31
https://ks-atlas.com/kingdom/429,1969-12-31
https://ks-atlas.com/kingdom/43,1969-12-31
https://ks-atlas.com/kingdom/430,1969-12-31
https://ks-atlas.com/kingdom/432,1969-12-31
https://ks-atlas.com/kingdom/433,1969-12-31
https://ks-atlas.com/kingdom/435,1969-12-31
https://ks-atlas.com/kingdom/437,1969-12-31
https://ks-atlas.com/kingdom/439,1969-12-31
https://ks-atlas.com/kingdom/44,1969-12-31
https://ks-atlas.com/kingdom/442,1969-12-31
https://ks-atlas.com/kingdom/444,1969-12-31
https://ks-atlas.com/kingdom/446,1969-12-31
https://ks-atlas.com/kingdom/448,1969-12-31
https://ks-atlas.com/kingdom/449,1969-12-31
https://ks-atlas.com/kingdom/45,1969-12-31
https://ks-atlas.com/kingdom/450,1969-12-31
https://ks-atlas.com/kingdom/451,1969-12-31
https://ks-atlas.com/kingdom/452,1969-12-31
https://ks-atlas.com/kingdom/453,1969-12-31
https://ks-atlas.com/kingdom/454,1969-12-31
https://ks-atlas.com/kingdom/455,1969-12-31
https://ks-atlas.com/kingdom/456,1969-12-31
https://ks-atlas.com/kingdom/457,1969-12-31
https://ks-atlas.com/kingdom/458,1969-12-31
https://ks-atlas.com/kingdom/46,1969-12-31
https://ks-atlas.com/kingdom/461,1969-12-31
https://ks-atlas.com/kingdom/462,1969-12-31
https://ks-atlas.com/kingdom/463,1969-12-31
https://ks-atlas.com/kingdom/464,1969-12-31
https://ks-atlas.com/kingdom/467,1969-12-31
https://ks-atlas.com/kingdom/468,1969-12-31
https://ks-atlas.com/kingdom/469,1969-12-31
https://ks-atlas.com/kingdom/47,1969-12-31
https://ks-atlas.com/kingdom/470,1969-12-31
https://ks-atlas.com/kingdom/471,1969-12-31
https://ks-atlas.com/kingdom/472,1969-12-31
https://ks-atlas.com/kingdom/475,1969-12-31
https://ks-atlas.com/kingdom/477,1969-12-31
https://ks-atlas.com/kingdom/478,1969-12-31
https://ks-atlas.com/kingdom/479,1969-12-31
https://ks-atlas.com/kingdom/480,1969-12-31
https://ks-atlas.com/kingdom/481,1969-12-31
https://ks-atlas.com/kingdom/482,1969-12-31
https://ks-atlas.com/kingdom/483,1969-12-31
https://ks-atlas.com/kingdom/484,1969-12-31
https://ks-atlas.com/kingdom/485,1969-12-31
https://ks-atlas.com/kingdom/486,1969-12-31
https://ks-atlas.com/kingdom/487,1969-12-31
https://ks-atlas.com/kingdom/488,1969-12-31
https://ks-atlas.com/kingdom/49,1969-12-31
https://ks-atlas.com/kingdom/493,1969-12-31
https://ks-atlas.com/kingdom/495,1969-12-31
https://ks-atlas.com/kingdom/496,1969-12-31
https://ks-atlas.com/kingdom/497,1969-12-31
https://ks-atlas.com/kingdom/498,1969-12-31
https://ks-atlas.com/kingdom/5,1969-12-31
https://ks-atlas.com/kingdom/50,1969-12-31
https://ks-atlas.com/kingdom/501,1969-12-31
https://ks-atlas.com/kingdom/502,1969-12-31
https://ks-atlas.com/kingdom/503,1969-12-31
https://ks-atlas.com/kingdom/504,1969-12-31
https://ks-atlas.com/kingdom/506,1969-12-31
https://ks-atlas.com/kingdom/507,1969-12-31
https://ks-atlas.com/kingdom/508,1969-12-31
https://ks-atlas.com/kingdom/51,1969-12-31
https://ks-atlas.com/kingdom/510,1969-12-31
https://ks-atlas.com/kingdom/511,1969-12-31
https://ks-atlas.com/kingdom/513,1969-12-31
https://ks-atlas.com/kingdom/514,1969-12-31
https://ks-atlas.com/kingdom/516,1969-12-31
https://ks-atlas.com/kingdom/518,1969-12-31
https://ks-atlas.com/kingdom/519,1969-12-31
https://ks-atlas.com/kingdom/52,1969-12-31
https://ks-atlas.com/kingdom/521,1969-12-31
https://ks-atlas.com/kingdom/522,1969-12-31
https://ks-atlas.com/kingdom/523,1969-12-31
https://ks-atlas.com/kingdom/526,1969-12-31
https://ks-atlas.com/kingdom/527,1969-12-31
https://ks-atlas.com/kingdom/528,1969-12-31
https://ks-atlas.com/kingdom/529,1969-12-31
https://ks-atlas.com/kingdom/530,1969-12-31
https://ks-atlas.com/kingdom/531,1969-12-31
https://ks-atlas.com/kingdom/532,1969-12-31
https://ks-atlas.com/kingdom/533,1969-12-31
https://ks-atlas.com/kingdom/535,1969-12-31
https://ks-atlas.com/kingdom/537,1969-12-31
https://ks-atlas.com/kingdom/538,1969-12-31
https://ks-atlas.com/kingdom/539,1969-12-31
https://ks-atlas.com/kingdom/54,1969-12-31
https://ks-atlas.com/kingdom/540,1969-12-31
https://ks-atlas.com/kingdom/541,1969-12-31
https://ks-atlas.com/kingdom/543,1969-12-31
https://ks-atlas.com/kingdom/544,1969-12-31
https://ks-atlas.com/kingdom/547,1969-12-31
https://ks-atlas.com/kingdom/548,1969-12-31
https://ks-atlas.com/kingdom/549,1969-12-31
https://ks-atlas.com/kingdom/551,1969-12-31
https://ks-atlas.com/kingdom/553,1969-12-31
https://ks-atlas.com/kingdom/555,1969-12-31
https://ks-atlas.com/kingdom/556,1969-12-31
https://ks-atlas.com/kingdom/557,1969-12-31
https://ks-atlas.com/kingdom/56,1969-12-31
https://ks-atlas.com/kingdom/560,1969-12-31
https://ks-atlas.com/kingdom/561,1969-12-31
https://ks-atlas.com/kingdom/562,1969-12-31
https://ks-atlas.com/kingdom/563,1969-12-31
https://ks-atlas.com/kingdom/564,1969-12-31
https://ks-atlas.com/kingdom/565,1969-12-31
https://ks-atlas.com/kingdom/566,1969-12-31
https://ks-atlas.com/kingdom/567,1969-12-31
https://ks-atlas.com/kingdom/569,1969-12-31
https://ks-atlas.com/kingdom/57,1969-12-31
https://ks-atlas.com/kingdom/570,1969-12-31
https://ks-atlas.com/kingdom/573,1969-12-31
https://ks-atlas.com/kingdom/575,1969-12-31
https://ks-atlas.com/kingdom/579,1969-12-31
https://ks-atlas.com/kingdom/58,1969-12-31
https://ks-atlas.com/kingdom/581,1969-12-31
https://ks-atlas.com/kingdom/582,1969-12-31
https://ks-atlas.com/kingdom/583,1969-12-31
https://ks-atlas.com/kingdom/585,1969-12-31
https://ks-atlas.com/kingdom/586,1969-12-31
https://ks-atlas.com/kingdom/587,1969-12-31
https://ks-atlas.com/kingdom/588,1969-12-31
https://ks-atlas.com/kingdom/589,1969-12-31
https://ks-atlas.com/kingdom/59,1969-12-31
https://ks-atlas.com/kingdom/590,1969-12-31
https://ks-atlas.com/kingdom/591,1969-12-31
https://ks-atlas.com/kingdom/592,1969-12-31
https://ks-atlas.com/kingdom/594,1969-12-31
https://ks-atlas.com/kingdom/596,1969-12-31
https://ks-atlas.com/kingdom/598,1969-12-31
https://ks-atlas.com/kingdom/599,1969-12-31
https://ks-atlas.com/kingdom/60,1969-12-31
https://ks-atlas.com/kingdom/600,1969-12-31
https://ks-atlas.com/kingdom/601,1969-12-31
https://ks-atlas.com/kingdom/603,1969-12-31
https://ks-atlas.com/kingdom/604,1969-12-31
https://ks-atlas.com/kingdom/605,1969-12-31
https://ks-atlas.com/kingdom/606,1969-12-31
https://ks-atlas.com/kingdom/607,1969-12-31
https://ks-atlas.com/kingdom/608,1969-12-31
https://ks-atlas.com/kingdom/609,1969-12-31
https://ks-atlas.com/kingdom/613,1969-12-31
https://ks-atlas.com/kingdom/616,1969-12-31
https://ks-atlas.com/kingdom/617,1969-12-31
https://ks-atlas.com/kingdom/618,1969-12-31
https://ks-atlas.com/kingdom/619,1969-12-31
https://ks-atlas.com/kingdom/62,1969-12-31
https://ks-atlas.com/kingdom/620,1969-12-31
https://ks-atlas.com/kingdom/621,1969-12-31
https://ks-atlas.com/kingdom/622,1969-12-31
https://ks-atlas.com/kingdom/623,1969-12-31
https://ks-atlas.com/kingdom/624,1969-12-31
https://ks-atlas.com/kingdom/625,1969-12-31
https://ks-atlas.com/kingdom/629,1969-12-31
https://ks-atlas.com/kingdom/63,1969-12-31
https://ks-atlas.com/kingdom/630,1969-12-31
https://ks-atlas.com/kingdom/633,1969-12-31
https://ks-atlas.com/kingdom/634,1969-12-31
https://ks-atlas.com/kingdom/635,1969-12-31
https://ks-atlas.com/kingdom/636,1969-12-31
https://ks-atlas.com/kingdom/637,1969-12-31
https://ks-atlas.com/kingdom/638,1969-12-31
https://ks-atlas.com/kingdom/639,1969-12-31
https://ks-atlas.com/kingdom/64,1969-12-31
https://ks-atlas.com/kingdom/640,1969-12-31
https://ks-atlas.com/kingdom/642,1969-12-31
https://ks-atlas.com/kingdom/643,1969-12-31
https://ks-atlas.com/kingdom/645,1969-12-31
https://ks-atlas.com/kingdom/646,1969-12-31
https://ks-atlas.com/kingdom/648,1969-12-31
https://ks-atlas.com/kingdom/65,1969-12-31
https://ks-atlas.com/kingdom/651,1969-12-31
https://ks-atlas.com/kingdom/654,1969-12-31
https://ks-atlas.com/kingdom/655,1969-12-31
https://ks-atlas.com/kingdom/656,1969-12-31
https://ks-atlas.com/kingdom/657,1969-12-31
https://ks-atlas.com/kingdom/658,1969-12-31
https://ks-atlas.com/kingdom/66,1969-12-31
https://ks-atlas.com/kingdom/660,1969-12-31
https://ks-atlas.com/kingdom/661,1969-12-31
https://ks-atlas.com/kingdom/662,1969-12-31
https://ks-atlas.com/kingdom/663,1969-12-31
https://ks-atlas.com/kingdom/665,1969-12-31
https://ks-atlas.com/kingdom/666,1969-12-31
https://ks-atlas.com/kingdom/667,1969-12-31
https://ks-atlas.com/kingdom/669,1969-12-31
https://ks-atlas.com/kingdom/670,1969-12-31
https://ks-atlas.com/kingdom/671,1969-12-31
https://ks-atlas.com/kingdom/672,1969-12-31
https://ks-atlas.com/kingdom/673,1969-12-31
https://ks-atlas.com/kingdom/675,1969-12-31
https://ks-atlas.com/kingdom/676,1969-12-31
https://ks-atlas.com/kingdom/677,1969-12-31
https://ks-atlas.com/kingdom/678,1969-12-31
https://ks-atlas.com/kingdom/679,1969-12-31
https://ks-atlas.com/kingdom/68,1969-12-31
https://ks-atlas.com/kingdom/680,1969-12-31
https://ks-atlas.com/kingdom/681,1969-12-31
https://ks-atlas.com/kingdom/682,1969-12-31
https://ks-atlas.com/kingdom/683,1969-12-31
https://ks-atlas.com/kingdom/684,1969-12-31
https://ks-atlas.com/kingdom/686,1969-12-31
https://ks-atlas.com/kingdom/687,1969-12-31
https://ks-atlas.com/kingdom/688,1969-12-31
https://ks-atlas.com/kingdom/689,1969-12-31
https://ks-atlas.com/kingdom/69,1969-12-31
https://ks-atlas.com/kingdom/690,1969-12-31
https://ks-atlas.com/kingdom/692,1969-12-31
https://ks-atlas.com/kingdom/693,1969-12-31
https://ks-atlas.com/kingdom/696,1969-12-31
https://ks-atlas.com/kingdom/698,1969-12-31
https://ks-atlas.com/kingdom/699,1969-12-31
https://ks-atlas.com/kingdom/7,1969-12-31
https://ks-atlas.com/kingdom/701,1969-12-31
https://ks-atlas.com/kingdom/704,1969-12-31
https://ks-atlas.com/kingdom/709,1969-12-31
https://ks-atlas.com/kingdom/71,1969-12-31
https://ks-atlas.com/kingdom/710,1969-12-31
https://ks-atlas.com/kingdom/712,1969-12-31
https://ks-atlas.com/kingdom/713,1969-12-31
https://ks-atlas.com/kingdom/714,1969-12-31
https://ks-atlas.com/kingdom/715,1969-12-31
https://ks-atlas.com/kingdom/717,1969-12-31
https://ks-atlas.com/kingdom/718,1969-12-31
https://ks-atlas.com/kingdom/719,1969-12-31
https://ks-atlas.com/kingdom/72,1969-12-31
https://ks-atlas.com/kingdom/720,1969-12-31
https://ks-atlas.com/kingdom/723,1969-12-31
https://ks-atlas.com/kingdom/724,1969-12-31
https://ks-atlas.com/kingdom/725,1969-12-31
https://ks-atlas.com/kingdom/726,1969-12-31
https://ks-atlas.com/kingdom/727,1969-12-31
https://ks-atlas.com/kingdom/728,1969-12-31
https://ks-atlas.com/kingdom/729,1969-12-31
https://ks-atlas.com/kingdom/73,1969-12-31
https://ks-atlas.com/kingdom/730,1969-12-31
https://ks-atlas.com/kingdom/731,1969-12-31
https://ks-atlas.com/kingdom/732,1969-12-31
https://ks-atlas.com/kingdom/733,1969-12-31
https://ks-atlas.com/kingdom/734,1969-12-31
https://ks-atlas.com/kingdom/735,1969-12-31
https://ks-atlas.com/kingdom/736,1969-12-31
https://ks-atlas.com/kingdom/738,1969-12-31
https://ks-atlas.com/kingdom/739,1969-12-31
https://ks-atlas.com/kingdom/740,1969-12-31
https://ks-atlas.com/kingdom/741,1969-12-31
https://ks-atlas.com/kingdom/742,1969-12-31
https://ks-atlas.com/kingdom/743,1969-12-31
https://ks-atlas.com/kingdom/744,1969-12-31
https://ks-atlas.com/kingdom/745,1969-12-31
https://ks-atlas.com/kingdom/746,1969-12-31
https://ks-atlas.com/kingdom/748,1969-12-31
https://ks-atlas.com/kingdom/749,1969-12-31
https://ks-atlas.com/kingdom/75,1969-12-31
https://ks-atlas.com/kingdom/750,1969-12-31
https://ks-atlas.com/kingdom/751,1969-12-31
https://ks-atlas.com/kingdom/752,1969-12-31
https://ks-atlas.com/kingdom/753,1969-12-31
https://ks-atlas.com/kingdom/754,1969-12-31
https://ks-atlas.com/kingdom/756,1969-12-31
https://ks-atlas.com/kingdom/757,1969-12-31
https://ks-atlas.com/kingdom/76,1969-12-31
https://ks-atlas.com/kingdom/760,1969-12-31
https://ks-atlas.com/kingdom/761,1969-12-31
https://ks-atlas.com/kingdom/762,1969-12-31
https://ks-atlas.com/kingdom/763,1969-12-31
https://ks-atlas.com/kingdom/765,1969-12-31
https://ks-atlas.com/kingdom/766,1969-12-31
https://ks-atlas.com/kingdom/768,1969-12-31
https://ks-atlas.com/kingdom/77,1969-12-31
https://ks-atlas.com/kingdom/770,1969-12-31
https://ks-atlas.com/kingdom/771,1969-12-31
https://ks-atlas.com/kingdom/773,1969-12-31
https://ks-atlas.com/kingdom/774,1969-12-31
https://ks-atlas.com/kingdom/775,1969-12-31
https://ks-atlas.com/kingdom/776,1969-12-31
https://ks-atlas.com/kingdom/777,1969-12-31
https://ks-atlas.com/kingdom/778,1969-12-31
https://ks-atlas.com/kingdom/779,1969-12-31
https://ks-atlas.com/kingdom/78,1969-12-31
https://ks-atlas.com/kingdom/780,1969-12-31
https://ks-atlas.com/kingdom/781,1969-12-31
https://ks-atlas.com/kingdom/783,1969-12-31
https://ks-atlas.com/kingdom/784,1969-12-31
https://ks-atlas.com/kingdom/785,1969-12-31
https://ks-atlas.com/kingdom/787,1969-12-31
https://ks-atlas.com/kingdom/788,1969-12-31
https://ks-atlas.com/kingdom/789,1969-12-31
https://ks-atlas.com/kingdom/79,1969-12-31
https://ks-atlas.com/kingdom/790,1969-12-31
https://ks-atlas.com/kingdom/791,1969-12-31
https://ks-atlas.com/kingdom/792,1969-12-31
https://ks-atlas.com/kingdom/793,1969-12-31
https://ks-atlas.com/kingdom/794,1969-12-31
https://ks-atlas.com/kingdom/795,1969-12-31
https://ks-atlas.com/kingdom/797,1969-12-31
https://ks-atlas.com/kingdom/798,1969-12-31
https://ks-atlas.com/kingdom/799,1969-12-31
https://ks-atlas.com/kingdom/800,1969-12-31
https://ks-atlas.com/kingdom/801,1969-12-31
https://ks-atlas.com/kingdom/803,1969-12-31
https://ks-atlas.com/kingdom/804,1969-12-31
https://ks-atlas.com/kingdom/805,1969-12-31
https://ks-atlas.com/kingdom/807,1969-12-31
https://ks-atlas.com/kingdom/810,1969-12-31
https://ks-atlas.com/kingdom/811,1969-12-31
https://ks-atlas.com/kingdom/812,1969-12-31
https://ks-atlas.com/kingdom/815,1969-12-31
https://ks-atlas.com/kingdom/816,1969-12-31
https://ks-atlas.com/kingdom/817,1969-12-31
https://ks-atlas.com/kingdom/818,1969-12-31
https://ks-atlas.com/kingdom/819,1969-12-31
https://ks-atlas.com/kingdom/82,1969-12-31
https://ks-atlas.com/kingdom/820,1969-12-31
https://ks-atlas.com/kingdom/821,1969-12-31
https://ks-atlas.com/kingdom/822,1969-12-31
https://ks-atlas.com/kingdom/825,1969-12-31
https://ks-atlas.com/kingdom/827,1969-12-31
https://ks-atlas.com/kingdom/828,1969-12-31
https://ks-atlas.com/kingdom/829,1969-12-31
https://ks-atlas.com/kingdom/83,1969-12-31
https://ks-atlas.com/kingdom/830,1969-12-31
https://ks-atlas.com/kingdom/831,1969-12-31
https://ks-atlas.com/kingdom/832,1969-12-31
https://ks-atlas.com/kingdom/834,1969-12-31
https://ks-atlas.com/kingdom/835,1969-12-31
https://ks-atlas.com/kingdom/838,1969-12-31
https://ks-atlas.com/kingdom/841,1969-12-31
https://ks-atlas.com/kingdom/844,1969-12-31
https://ks-atlas.com/kingdom/846,1969-12-31
https://ks-atlas.com/kingdom/848,1969-12-31
https://ks-atlas.com/kingdom/849,1969-12-31
https://ks-atlas.com/kingdom/852,1969-12-31
https://ks-atlas.com/kingdom/853,1969-12-31
https://ks-atlas.com/kingdom/854,1969-12-31
https://ks-atlas.com/kingdom/855,1969-12-31
https://ks-atlas.com/kingdom/856,1969-12-31
https://ks-atlas.com/kingdom/858,1969-12-31
https://ks-atlas.com/kingdom/86,1969-12-31
https://ks-atlas.com/kingdom/860,1969-12-31
https://ks-atlas.com/kingdom/861,1969-12-31
https://ks-atlas.com/kingdom/862,1969-12-31
https://ks-atlas.com/kingdom/865,1969-12-31
https://ks-atlas.com/kingdom/866,1969-12-31
https://ks-atlas.com/kingdom/867,1969-12-31
https://ks-atlas.com/kingdom/868,1969-12-31
https://ks-atlas.com/kingdom/87,1969-12-31
https://ks-atlas.com/kingdom/870,1969-12-31
https://ks-atlas.com/kingdom/871,1969-12-31
https://ks-atlas.com/kingdom/873,1969-12-31
https://ks-atlas.com/kingdom/875,1969-12-31
https://ks-atlas.com/kingdom/876,1969-12-31
https://ks-atlas.com/kingdom/878,1969-12-31
https://ks-atlas.com/kingdom/879,1969-12-31
https://ks-atlas.com/kingdom/88,1969-12-31
https://ks-atlas.com/kingdom/880,1969-12-31
https://ks-atlas.com/kingdom/881,1969-12-31
https://ks-atlas.com/kingdom/882,1969-12-31
https://ks-atlas.com/kingdom/883,1969-12-31
https://ks-atlas.com/kingdom/884,1969-12-31
https://ks-atlas.com/kingdom/885,1969-12-31
https://ks-atlas.com/kingdom/886,1969-12-31
https://ks-atlas.com/kingdom/888,1969-12-31
https://ks-atlas.com/kingdom/889,1969-12-31
https://ks-atlas.com/kingdom/89,1969-12-31
https://ks-atlas.com/kingdom/890,1969-12-31
https://ks-atlas.com/kingdom/891,1969-12-31
https://ks-atlas.com/kingdom/893,1969-12-31
https://ks-atlas.com/kingdom/895,1969-12-31
https://ks-atlas.com/kingdom/896,1969-12-31
https://ks-atlas.com/kingdom/897,1969-12-31
https://ks-atlas.com/kingdom/899,1969-12-31
https://ks-atlas.com/kingdom/9,1969-12-31
https://ks-atlas.com/kingdom/90,1969-12-31
https://ks-atlas.com/kingdom/900,1969-12-31
https://ks-atlas.com/kingdom/901,1969-12-31
https://ks-atlas.com/kingdom/902,1969-12-31
https://ks-atlas.com/kingdom/903,1969-12-31
https://ks-atlas.com/kingdom/904,1969-12-31
https://ks-atlas.com/kingdom/907,1969-12-31
https://ks-atlas.com/kingdom/909,1969-12-31
https://ks-atlas.com/kingdom/91,1969-12-31
https://ks-atlas.com/kingdom/910,1969-12-31
https://ks-atlas.com/kingdom/915,1969-12-31
https://ks-atlas.com/kingdom/916,1969-12-31
https://ks-atlas.com/kingdom/917,1969-12-31
https://ks-atlas.com/kingdom/920,1969-12-31
https://ks-atlas.com/kingdom/921,1969-12-31
https://ks-atlas.com/kingdom/922,1969-12-31
https://ks-atlas.com/kingdom/923,1969-12-31
https://ks-atlas.com/kingdom/924,1969-12-31
https://ks-atlas.com/kingdom/925,1969-12-31
https://ks-atlas.com/kingdom/926,1969-12-31
https://ks-atlas.com/kingdom/927,1969-12-31
https://ks-atlas.com/kingdom/928,1969-12-31
https://ks-atlas.com/kingdom/929,1969-12-31
https://ks-atlas.com/kingdom/930,1969-12-31
https://ks-atlas.com/kingdom/931,1969-12-31
https://ks-atlas.com/kingdom/932,1969-12-31
https://ks-atlas.com/kingdom/933,1969-12-31
https://ks-atlas.com/kingdom/934,1969-12-31
https://ks-atlas.com/kingdom/935,1969-12-31
https://ks-atlas.com/kingdom/936,1969-12-31
https://ks-atlas.com/kingdom/937,1969-12-31
https://ks-atlas.com/kingdom/938,1969-12-31
https://ks-atlas.com/kingdom/939,1969-12-31
https://ks-atlas.com/kingdom/94,1969-12-31
https://ks-atlas.com/kingdom/940,1969-12-31
https://ks-atlas.com/kingdom/942,1969-12-31
https://ks-atlas.com/kingdom/944,1969-12-31
https://ks-atlas.com/kingdom/945,1969-12-31
https://ks-atlas.com/kingdom/946,1969-12-31
https://ks-atlas.com/kingdom/947,1969-12-31
https://ks-atlas.com/kingdom/948,1969-12-31
https://ks-atlas.com/kingdom/95,1969-12-31
https://ks-atlas.com/kingdom/950,1969-12-31
https://ks-atlas.com/kingdom/952,1969-12-31
https://ks-atlas.com/kingdom/953,1969-12-31
https://ks-atlas.com/kingdom/954,1969-12-31
https://ks-atlas.com/kingdom/955,1969-12-31
https://ks-atlas.com/kingdom/957,1969-12-31
https://ks-atlas.com/kingdom/958,1969-12-31
https://ks-atlas.com/kingdom/959,1969-12-31
https://ks-atlas.com/kingdom/96,1969-12-31
https://ks-atlas.com/kingdom/961,1969-12-31
https://ks-atlas.com/kingdom/962,1969-12-31
https://ks-atlas.com/kingdom/963,1969-12-31
https://ks-atlas.com/kingdom/965,1969-12-31
https://ks-atlas.com/kingdom/966,1969-12-31
https://ks-atlas.com/kingdom/967,1969-12-31
https://ks-atlas.com/kingdom/968,1969-12-31
https://ks-atlas.com/kingdom/969,1969-12-31
https://ks-atlas.com/kingdom/97,1969-12-31
https://ks-atlas.com/kingdom/972,1969-12-31
https://ks-atlas.com/kingdom/973,1969-12-31
https://ks-atlas.com/kingdom/975,1969-12-31
https://ks-atlas.com/kingdom/976,1969-12-31
https://ks-atlas.com/kingdom/977,1969-12-31
https://ks-atlas.com/kingdom/979,1969-12-31
https://ks-atlas.com/kingdom/98,1969-12-31
https://ks-atlas.com/kingdom/980,1969-12-31
https://ks-atlas.com/kingdom/981,1969-12-31
https://ks-atlas.com/kingdom/982,1969-12-31
https://ks-atlas.com/kingdom/986,1969-12-31
https://ks-atlas.com/kingdom/987,1969-12-31
https://ks-atlas.com/kingdom/989,1969-12-31
https://ks-atlas.com/kingdom/99,1969-12-31
https://ks-atlas.com/kingdom/990,1969-12-31
https://ks-atlas.com/kingdom/994,1969-12-31
https://ks-atlas.com/kingdom/996,1969-12-31
https://ks-atlas.com/kingdom/997,1969-12-31
https://ks-atlas.com/seasons/10,1969-12-31
https://ks-atlas.com/seasons/11,1969-12-31
https://ks-atlas.com/seasons/2,1969-12-31
https://ks-atlas.com/seasons/4,1969-12-31
https://ks-atlas.com/seasons/6,1969-12-31
https://ks-atlas.com/seasons/7,1969-12-31
https://ks-atlas.com/seasons/8,1969-12-31